<?xml version="1.0" encoding="UTF-8" ?>
<component name="Menubar" extends="Group" >
<interface>
		<field id="content" type="node" alias="myRowListMenubar.content" onChange="onContentChange"/>
		<field id="rowItemSelected" type="intarray" alwaysnotify="true" alias="myRowListMenubar.rowItemSelected"/>
		<field id="itemFocused" type="intarray" alias="myRowListMenubar.rowItemFocused" onChange="OnItemFocused"/>
		<field id="focusedButton" type="node"/>
        <field id="buttonsSize" type="intarray"/>
</interface>
<script type="text/brightscript" uri="pkg:/components/Menubar/Menubar.brs" />
<children>
    <RowList 
    id = "myRowListMenubar" 
    translation = "[140,50]" 
    numRows = "1" 
    variableWidthItems="true"
    itemSize = "[ 1200, 120 ]" 
    rowItemSize = "[[120,70],[50,20]]" 
    showRowLabel  = "[ false ]"
    drawFocusFeedback = "true" 
    rowFocusAnimationStyle = "fixedFocusWrap" />
</children>
</component>