<?xml version = "1.0" encoding = "utf-8" ?>
<component name = "ButtonsPageContent" extends = "Group"  >
<interface > 
      <field id="focused" type="boolean" alwaysNotify="true" onChange="onFocusChange" />
      <field id = "itemContent" type = "node"  onChange = "showcontent"/>
  </interface>
<script type = "text/brightscript" uri="pkg:/components/ButtonsPageContent/ButtonsPageContent.brs/"></script>
  <children >
        <Rectangle 
        id="mainRectangle" 
        color="#25415a" 
        height="60"
        width="125" 
        >
        <Rectangle 
        id="frame" 
        height="60" 
        width="125" 
        visible="false">
        <Rectangle 
        id="bg"
        height="54" 
        width="119" 
        color="#25415a" 
        translation="[3,3]"
        >
        </Rectangle>
        </Rectangle> 
        <Poster 
        id="buttonIcon"
        width="60"
        height="40" />
        <Label id="buttonText" 
        color="#ffffffff"
        height="80"
        width="125" 
        vertAlign = "bottom"
        horizAlign="center"
        opacity="0.7"
        />
        </Rectangle> 
  </children>
</component>

   
