<?xml version = "1.0" encoding = "utf-8" ?>
<component name = "RowListItem" extends = "Group" >
  <interface > 
    <field id = "itemContent" type = "node"  onChange = "showcontent"/>
    <field id = "focusPercent" type = "float" onChange = "showfocus"/> 

  </interface>
  <script type = "text/brightscript" uri="pkg:/components/RowListItem/RowListItem.brs/"></script>
  <children >
    <Poster 
      id = "itemPoster" 
      translation = "[ 10, 10 ]" 
      width = "500" 
      height = "280" 
      scaleRotateCenter = "[ 256.0, 144.0 ]" >
    </Poster>
  </children>
</component>

