<?xml version="1.0" encoding="UTF-8" ?>
<component name="ListButtonPageContent" extends="Group" >
<interface>
		<field id="content" type="node" alias="myRowListButton.content" onChange="onContentChange"/>
		<field id="rowItemSelected" type="intarray" alwaysnotify="true" alias="myRowListButton.rowItemSelected"/>
		<field id="itemFocused" type="intarray" alias="myRowListButton.rowItemFocused" onChange="OnItemFocused"/>
		<field id="focusedButton" type="node"/>
</interface>
<script type="text/brightscript" uri="pkg:/components/ListButtonPageContent/ListButtonPageContent.brs" />
<children>
    <RowList 
    id = "myRowListButton" 
    translation = "[120,355]" 
    numRows = "1" 
    itemComponentName="ButtonsPageContent" 
    itemSize = "[ 1400, 120 ]" 
    rowItemSize = "[ [145, 130] ]" 
    showRowLabel  = "[ false ]"
    drawFocusFeedback = "true" 
    rowFocusAnimationStyle = "floatingFocus" />
</children>
</component>



