<?xml version = "1.0" encoding = "utf-8" ?>
<component name = "RowListPageContent" extends = "Group" initialFocus="myRowListSimple" >
<interface>
		<field id="focusedPageContent" type="node" OnChange="pasarContenidoContentPageContent"  />
</interface>
  <script type = "text/brightscript" uri="pkg:/components/RowListPageContent/RowListPageContent.brs/"></script>
  
  <children >
    <ContentPageContent id="myContentPageContent"/>
    <ListButtonPageContent id="myButtonPageContent"/>
    <RowListSimple id="myRowListSimple"/> 
  </children>
  
</component>