<?xml version = "1.0" encoding = "utf-8" ?>
<component name = "RowListItemSimple" extends = "Group" >
  <interface > 
    <field id = "itemContent" type = "node"  onChange = "showcontent"/>
  </interface>
  <script type = "text/brightscript" uri="pkg:/components/RowListItemSimple/RowListItemSimple.brs/"></script>
  <children >
    <Poster 
      id = "itemPosterSimple" 
      translation = "[ 10, 10 ]" 
      width = "280" 
      height = "160" 
      scaleRotateCenter = "[ 256.0, 144.0 ]" >
    </Poster>
  </children>
</component>